{
    "name": "root",
    "gauges": {
        "RocketLanding.Policy.Entropy.mean": {
            "value": 4.9163031578063965,
            "min": 3.4491615295410156,
            "max": 5.042596340179443,
            "count": 37
        },
        "RocketLanding.Policy.Entropy.sum": {
            "value": 97539.453125,
            "min": 61597.23046875,
            "max": 110194.8671875,
            "count": 37
        },
        "RocketLanding.Environment.EpisodeLength.mean": {
            "value": 923.9230769230769,
            "min": 60.333333333333336,
            "max": 1157.0,
            "count": 34
        },
        "RocketLanding.Environment.EpisodeLength.sum": {
            "value": 12011.0,
            "min": 181.0,
            "max": 71005.0,
            "count": 34
        },
        "RocketLanding.Step.mean": {
            "value": 739920.0,
            "min": 19929.0,
            "max": 739920.0,
            "count": 37
        },
        "RocketLanding.Step.sum": {
            "value": 739920.0,
            "min": 19929.0,
            "max": 739920.0,
            "count": 37
        },
        "RocketLanding.Policy.ExtrinsicValueEstimate.mean": {
            "value": 7.024524211883545,
            "min": -1.6332473754882812,
            "max": 7.592565059661865,
            "count": 37
        },
        "RocketLanding.Policy.ExtrinsicValueEstimate.sum": {
            "value": 1159.0465087890625,
            "min": -256.4198303222656,
            "max": 1245.1806640625,
            "count": 37
        },
        "RocketLanding.Environment.CumulativeReward.mean": {
            "value": 62.025573095450035,
            "min": 5.03103494644165,
            "max": 90.81160134077072,
            "count": 34
        },
        "RocketLanding.Environment.CumulativeReward.sum": {
            "value": 806.3324502408504,
            "min": 15.093104839324951,
            "max": 4624.447140455246,
            "count": 34
        },
        "RocketLanding.Policy.ExtrinsicReward.mean": {
            "value": 62.025573095450035,
            "min": 5.03103494644165,
            "max": 90.81160134077072,
            "count": 34
        },
        "RocketLanding.Policy.ExtrinsicReward.sum": {
            "value": 806.3324502408504,
            "min": 15.093104839324951,
            "max": 4624.447140455246,
            "count": 34
        },
        "RocketLanding.IsTraining.mean": {
            "value": 1.0,
            "min": 1.0,
            "max": 1.0,
            "count": 37
        },
        "RocketLanding.IsTraining.sum": {
            "value": 1.0,
            "min": 1.0,
            "max": 1.0,
            "count": 37
        },
        "RocketLanding.Losses.PolicyLoss.mean": {
            "value": 0.019063660235648663,
            "min": 0.019063660235648663,
            "max": 0.028965621336828916,
            "count": 35
        },
        "RocketLanding.Losses.PolicyLoss.sum": {
            "value": 0.019063660235648663,
            "min": 0.019063660235648663,
            "max": 0.028965621336828916,
            "count": 35
        },
        "RocketLanding.Losses.ValueLoss.mean": {
            "value": 2.2094917396704354,
            "min": 0.02444958547130227,
            "max": 4.86240400870641,
            "count": 35
        },
        "RocketLanding.Losses.ValueLoss.sum": {
            "value": 2.2094917396704354,
            "min": 0.02444958547130227,
            "max": 4.86240400870641,
            "count": 35
        },
        "RocketLanding.Policy.LearningRate.mean": {
            "value": 9.22969692346666e-06,
            "min": 9.22969692346666e-06,
            "max": 0.0002904924031691999,
            "count": 35
        },
        "RocketLanding.Policy.LearningRate.sum": {
            "value": 9.22969692346666e-06,
            "min": 9.22969692346666e-06,
            "max": 0.0002904924031691999,
            "count": 35
        },
        "RocketLanding.Policy.Epsilon.mean": {
            "value": 0.10307653333333336,
            "min": 0.10307653333333336,
            "max": 0.19683080000000008,
            "count": 35
        },
        "RocketLanding.Policy.Epsilon.sum": {
            "value": 0.10307653333333336,
            "min": 0.10307653333333336,
            "max": 0.19683080000000008,
            "count": 35
        },
        "RocketLanding.Policy.Beta.mean": {
            "value": 4.045767999999999e-05,
            "min": 4.045767999999999e-05,
            "max": 0.0009686249199999998,
            "count": 35
        },
        "RocketLanding.Policy.Beta.sum": {
            "value": 4.045767999999999e-05,
            "min": 4.045767999999999e-05,
            "max": 0.0009686249199999998,
            "count": 35
        }
    },
    "metadata": {
        "timer_format_version": "0.1.0",
        "start_time_seconds": "1732236370",
        "python_version": "3.10.6 (tags/v3.10.6:9c7b4bd, Aug  1 2022, 21:53:49) [MSC v.1932 64 bit (AMD64)]",
        "command_line_arguments": "D:\\RocketProject\\RocketProject\\Rocket Project\\venv\\Scripts\\mlagents-learn config/config.yaml --run-id=newlanding11alt --initialize-from=newlanding10alt --torch-device=cuda --force",
        "mlagents_version": "1.0.0",
        "mlagents_envs_version": "1.0.0",
        "communication_protocol_version": "1.5.0",
        "pytorch_version": "2.3.1+cu121",
        "numpy_version": "1.23.5",
        "end_time_seconds": "1732236776"
    },
    "total": 405.4522181000002,
    "count": 1,
    "self": 0.005473799999890616,
    "children": {
        "run_training.setup": {
            "total": 0.08958460000030755,
            "count": 1,
            "self": 0.08958460000030755
        },
        "TrainerController.start_learning": {
            "total": 405.3571597,
            "count": 1,
            "self": 0.19791669996175187,
            "children": {
                "TrainerController._reset_env": {
                    "total": 14.097728599999755,
                    "count": 1,
                    "self": 14.097728599999755
                },
                "TrainerController.advance": {
                    "total": 390.7160138000381,
                    "count": 12334,
                    "self": 0.17402050010514358,
                    "children": {
                        "env_step": {
                            "total": 238.57500940000682,
                            "count": 12334,
                            "self": 154.64578740004617,
                            "children": {
                                "SubprocessEnvManager._take_step": {
                                    "total": 83.81185350003398,
                                    "count": 12334,
                                    "self": 0.6738909000487183,
                                    "children": {
                                        "TorchPolicy.evaluate": {
                                            "total": 83.13796259998526,
                                            "count": 11772,
                                            "self": 83.13796259998526
                                        }
                                    }
                                },
                                "workers": {
                                    "total": 0.11736849992666976,
                                    "count": 12334,
                                    "self": 0.0,
                                    "children": {
                                        "worker_root": {
                                            "total": 392.10257170001114,
                                            "count": 12334,
                                            "is_parallel": true,
                                            "self": 263.69131880003624,
                                            "children": {
                                                "steps_from_proto": {
                                                    "total": 0.0007301999994524522,