{
    "name": "root",
    "gauges": {
        "RocketLanding.Policy.Entropy.mean": {
            "value": 1.525917887687683,
            "min": 1.4224830865859985,
            "max": 1.525917887687683,
            "count": 50
        },
        "RocketLanding.Policy.Entropy.sum": {
            "value": 14722.0556640625,
            "min": 12471.9736328125,
            "max": 17401.7890625,
            "count": 50
        },
        "RocketLanding.Environment.EpisodeLength.mean": {
            "value": 162.265625,
            "min": 138.96825396825398,
            "max": 266.75555555555553,
            "count": 50
        },
        "RocketLanding.Environment.EpisodeLength.sum": {
            "value": 10385.0,
            "min": 7431.0,
            "max": 12794.0,
            "count": 50
        },
        "RocketLanding.Step.mean": {
            "value": 499966.0,
            "min": 9973.0,
            "max": 499966.0,
            "count": 50
        },
        "RocketLanding.Step.sum": {
            "value": 499966.0,
            "min": 9973.0,
            "max": 499966.0,
            "count": 50
        },
        "RocketLanding.Policy.ExtrinsicValueEstimate.mean": {
            "value": 20.87794303894043,
            "min": -302208.65625,
            "max": 76395.84375,
            "count": 50
        },
        "RocketLanding.Policy.ExtrinsicValueEstimate.sum": {
            "value": 2463.59716796875,
            "min": -37171664.0,
            "max": 8938314.0,
            "count": 50
        },
        "RocketLanding.Policy.GailValueEstimate.mean": {
            "value": 7.839528560638428,
            "min": -19635.412109375,
            "max": 124787.2578125,
            "count": 50
        },
        "RocketLanding.Policy.GailValueEstimate.sum": {
            "value": 925.0643920898438,
            "min": -2297343.25,
            "max": 15348833.0,
            "count": 50
        },
        "RocketLanding.Environment.CumulativeReward.mean": {
            "value": -17.85868296990028,
            "min": -18.615790536848166,
            "max": 1.4654246888226934,
            "count": 50
        },
        "RocketLanding.Environment.CumulativeReward.sum": {
            "value": -1160.814393043518,
            "min": -1321.1608047485352,
            "max": 67.91406356915832,
            "count": 50
        },
        "RocketLanding.Policy.ExtrinsicReward.mean": {
            "value": -17.85868296990028,
            "min": -18.615790536848166,
            "max": 1.4654246888226934,
            "count": 50
        },
        "RocketLanding.Policy.ExtrinsicReward.sum": {
            "value": -1160.814393043518,
            "min": -1321.1608047485352,
            "max": 67.91406356915832,
            "count": 50
        },
        "RocketLanding.Policy.GailReward.mean": {
            "value": 0.0,
            "min": 0.0,
            "max": 0.0,
            "count": 50
        },
        "RocketLanding.Policy.GailReward.sum": {
            "value": 0.0,
            "min": 0.0,
            "max": 0.0,
            "count": 50
        },
        "RocketLanding.IsTraining.mean": {
            "value": 1.0,
            "min": 1.0,
            "max": 1.0,
            "count": 50
        },
        "RocketLanding.IsTraining.sum": {
            "value": 1.0,
            "min": 1.0,
            "max": 1.0,
            "count": 50
        },
        "RocketLanding.Losses.PolicyLoss.mean": {
            "value": 0.050446240277960894,
            "min": 0.02697032520081848,
            "max": 0.05563136423006654,
            "count": 48
        },
        "RocketLanding.Losses.PolicyLoss.sum": {
            "value": 0.050446240277960894,
            "min": 0.02697032520081848,
            "max": 0.05563136423006654,
            "count": 48
        },
        "RocketLanding.Losses.ValueLoss.mean": {
            "value": 2771.5457682291667,
            "min": 964.1110656738281,
            "max": 2548346052.266667,
            "count": 48
        },
        "RocketLanding.Losses.ValueLoss.sum": {
            "value": 2771.5457682291667,
            "min": 964.1110656738281,
            "max": 2548346052.266667,
            "count": 48
        },
        "RocketLanding.Policy.LearningRate.mean": {
            "value": 1.6002994665999853e-06,
            "min": 1.6002994665999853e-06,
            "max": 0.0002936322021226,
            "count": 48
        },
        "RocketLanding.Policy.LearningRate.sum": {
            "value": 1.6002994665999853e-06,
            "min": 1.6002994665999853e-06,
            "max": 0.0002936322021226,
            "count": 48
        },
        "RocketLanding.Policy.Epsilon.mean": {
            "value": 0.10053339999999995,
            "min": 0.10053339999999995,
            "max": 0.19787740000000006,
            "count": 48
        },
        "RocketLanding.Policy.Epsilon.sum": {
            "value": 0.10053339999999995,
            "min": 0.10053339999999995,
            "max": 0.19787740000000006,
            "count": 48
        },
        "RocketLanding.Policy.Beta.mean": {
            "value": 1.261365999999998e-05,
            "min": 1.261365999999998e-05,
            "max": 0.0004895992599999998,
            "count": 48
        },
        "RocketLanding.Policy.Beta.sum": {
            "value": 1.261365999999998e-05,
            "min": 1.261365999999998e-05,
            "max": 0.0004895992599999998,
            "count": 48
        },
        "RocketLanding.Policy.GAILPolicyEstimate.mean": {
            "value": 0.0,
            "min": 0.0,
            "max": 0.0,
            "count": 48
        },
        "RocketLanding.Policy.GAILPolicyEstimate.sum": {
            "value": 0.0,
            "min": 0.0,
            "max": 0.0,
            "count": 48
        },
        "RocketLanding.Policy.GAILExpertEstimate.mean": {
            "value": 0.0,
            "min": 0.0,
            "max": 0.0,
            "count": 48
        },
        "RocketLanding.Policy.GAILExpertEstimate.sum": {
            "value": 0.0,
            "min": 0.0,
            "max": 0.0,
            "count": 48
        },
        "RocketLanding.Losses.GAILLoss.mean": {
            "value": 16.11809539794922,
            "min": 16.11809539794922,
            "max": 16.11809539794922,
            "count": 48
        },
        "RocketLanding.Losses.GAILLoss.sum": {
            "value": 16.11809539794922,
            "min": 16.11809539794922,
            "max": 16.11809539794922,
            "count": 48
        },
        "RocketLanding.Policy.GAILGradMagLoss.mean": {
            "value": 9.993677139282227,
            "min": 9.993677139282227,
            "max": 9.993677139282227,
            "count": 48
        },
        "RocketLanding.Policy.GAILGradMagLoss.sum": {
            "value": 9.993677139282227,
            "min": 9.993677139282227,
            "max": 9.993677139282227,
            "count": 48
        },
        "RocketLanding.Losses.PretrainingLoss.mean": {
            "value": 122751392.0,
            "min": 8764875.333333334,
            "max": 43324357290.666664,
            "count": 48
        },
        "RocketLanding.Losses.PretrainingLoss.sum": {
            "value": 122751392.0,
            "min": 8764875.333333334,
            "max": 43324357290.666664,
            "count": 48
        }
    },
    "metadata": {
        "timer_format_version": "0.1.0",
        "start_time_seconds": "1725584139",
        "python_version": "3.10.6 (tags/v3.10.6:9c7b4bd, Aug  1 2022, 21:53:49) [MSC v.1932 64 bit (AMD64)]",
        "command_line_arguments": "D:\\RocketProject\\RocketProject\\Rocket Project\\venv\\Scripts\\mlagents-learn config/config.yaml --run-id=landing --force --torch-device=cuda",
        "mlagents_version": "1.0.0",
        "mlagents_envs_version": "1.0.0",
        "communication_protocol_version": "1.5.0",
        "pytorch_version": "2.3.1+cu121",
        "numpy_version": "1.23.5",
        "end_time_seconds": "1725584841"
    },