{
    "name": "root",
    "gauges": {
        "RocketLanding.Policy.Entropy.mean": {
            "value": 1.4250600337982178,
            "min": 1.4181925058364868,
            "max": 1.4250600337982178,
            "count": 6
        },
        "RocketLanding.Policy.Entropy.sum": {
            "value": 15345.0458984375,
            "min": 12618.4013671875,
            "max": 16414.2734375,
            "count": 6
        },
        "RocketLanding.Environment.EpisodeLength.mean": {
            "value": 154.35897435897436,
            "min": 154.35897435897436,
            "max": 292.22222222222223,
            "count": 6
        },
        "RocketLanding.Environment.EpisodeLength.sum": {
            "value": 6020.0,
            "min": 6020.0,
            "max": 13150.0,
            "count": 6
        },
        "RocketLanding.Step.mean": {
            "value": 59941.0,
            "min": 9963.0,
            "max": 59941.0,
            "count": 6
        },
        "RocketLanding.Step.sum": {
            "value": 59941.0,
            "min": 9963.0,
            "max": 59941.0,
            "count": 6
        },
        "RocketLanding.Policy.ExtrinsicValueEstimate.mean": {
            "value": -21592.212890625,
            "min": -229368.75,
            "max": -21592.212890625,
            "count": 6
        },
        "RocketLanding.Policy.ExtrinsicValueEstimate.sum": {
            "value": -2223998.0,
            "min": -22707506.0,
            "max": -2223998.0,
            "count": 6
        },
        "RocketLanding.Policy.GailValueEstimate.mean": {
            "value": -17923.09375,
            "min": -413737.09375,
            "max": -17923.09375,
            "count": 6
        },
        "RocketLanding.Policy.GailValueEstimate.sum": {
            "value": -1846078.625,
            "min": -40959972.0,
            "max": -1846078.625,
            "count": 6
        },
        "RocketLanding.Environment.CumulativeReward.mean": {
            "value": -12.641913912999325,
            "min": -15.97203816137398,
            "max": 5.049288318209026,
            "count": 6
        },
        "RocketLanding.Environment.CumulativeReward.sum": {
            "value": -493.03464260697365,
            "min": -734.7137554232031,
            "max": 232.2672626376152,
            "count": 6
        },
        "RocketLanding.Policy.ExtrinsicReward.mean": {
            "value": -12.641913912999325,
            "min": -15.97203816137398,
            "max": 5.049288318209026,
            "count": 6
        },
        "RocketLanding.Policy.ExtrinsicReward.sum": {
            "value": -493.03464260697365,
            "min": -734.7137554232031,
            "max": 232.2672626376152,
            "count": 6
        },
        "RocketLanding.Policy.GailReward.mean": {
            "value": 1177.6925106048584,
            "min": 1177.6925106048584,
            "max": 2337.1188155464506,
            "count": 6
        },
        "RocketLanding.Policy.GailReward.sum": {
            "value": 45930.00791358948,
            "min": 45930.00791358948,
            "max": 107507.46551513672,
            "count": 6
        },
        "RocketLanding.IsTraining.mean": {
            "value": 1.0,
            "min": 1.0,
            "max": 1.0,
            "count": 6
        },
        "RocketLanding.IsTraining.sum": {
            "value": 1.0,
            "min": 1.0,
            "max": 1.0,
            "count": 6
        },
        "RocketLanding.Losses.PolicyLoss.mean": {
            "value": 0.04917101420972661,
            "min": 0.042137124086730184,
            "max": 0.05153350932523608,
            "count": 5
        },
        "RocketLanding.Losses.PolicyLoss.sum": {
            "value": 0.04917101420972661,
            "min": 0.042137124086730184,
            "max": 0.05153350932523608,
            "count": 5
        },
        "RocketLanding.Losses.ValueLoss.mean": {
            "value": 85865640.66666667,
            "min": 85865640.66666667,
            "max": 5573074099.2,
            "count": 5
        },
        "RocketLanding.Losses.ValueLoss.sum": {
            "value": 85865640.66666667,
            "min": 85865640.66666667,
            "max": 5573074099.2,
            "count": 5
        },
        "RocketLanding.Policy.LearningRate.mean": {
            "value": 0.0002690094103302,
            "min": 0.0002690094103302,
            "max": 0.00029383020205660005,
            "count": 5
        },
        "RocketLanding.Policy.LearningRate.sum": {
            "value": 0.0002690094103302,
            "min": 0.0002690094103302,
            "max": 0.00029383020205660005,
            "count": 5
        },
        "RocketLanding.Policy.Epsilon.mean": {
            "value": 0.18966979999999997,
            "min": 0.18966979999999997,
            "max": 0.19794339999999996,
            "count": 5
        },
        "RocketLanding.Policy.Epsilon.sum": {
            "value": 0.18966979999999997,
            "min": 0.18966979999999997,
            "max": 0.19794339999999996,
            "count": 5
        },
        "RocketLanding.Policy.Beta.mean": {
            "value": 0.00044938201999999994,
            "min": 0.00044938201999999994,
            "max": 0.0004899226599999999,
            "count": 5
        },
        "RocketLanding.Policy.Beta.sum": {
            "value": 0.00044938201999999994,
            "min": 0.00044938201999999994,
            "max": 0.0004899226599999999,
            "count": 5
        },
        "RocketLanding.Policy.GAILPolicyEstimate.mean": {
            "value": 1.0,
            "min": 1.0,
            "max": 1.0,
            "count": 5
        },
        "RocketLanding.Policy.GAILPolicyEstimate.sum": {
            "value": 1.0,
            "min": 1.0,
            "max": 1.0,
            "count": 5
        },
        "RocketLanding.Policy.GAILExpertEstimate.mean": {
            "value": 1.0,
            "min": 1.0,
            "max": 1.0,
            "count": 5
        },
        "RocketLanding.Policy.GAILExpertEstimate.sum": {
            "value": 1.0,
            "min": 1.0,
            "max": 1.0,
            "count": 5
        },
        "RocketLanding.Losses.GAILLoss.mean": {
            "value": 16.11809539794922,
            "min": 16.11809539794922,
            "max": 16.11809539794922,
            "count": 5
        },
        "RocketLanding.Losses.GAILLoss.sum": {
            "value": 16.11809539794922,
            "min": 16.11809539794922,
            "max": 16.11809539794922,
            "count": 5
        },
        "RocketLanding.Policy.GAILGradMagLoss.mean": {
            "value": 9.993677139282227,
            "min": 9.993677139282227,
            "max": 9.993677139282227,
            "count": 5
        },
        "RocketLanding.Policy.GAILGradMagLoss.sum": {
            "value": 9.993677139282227,
            "min": 9.993677139282227,
            "max": 9.993677139282227,
            "count": 5
        },
        "RocketLanding.Losses.PretrainingLoss.mean": {
            "value": 32527753.333333332,
            "min": 32527753.333333332,
            "max": 7965848405.333333,
            "count": 5
        },
        "RocketLanding.Losses.PretrainingLoss.sum": {
            "value": 32527753.333333332,
            "min": 32527753.333333332,
            "max": 7965848405.333333,
            "count": 5
        }
    },
    "metadata": {
        "timer_format_version": "0.1.0",
        "start_time_seconds": "1725738396",
        "python_version": "3.10.6 (tags/v3.10.6:9c7b4bd, Aug  1 2022, 21:53:49) [MSC v.1932 64 bit (AMD64)]",
        "command_line_arguments": "D:\\RocketProject\\RocketProject\\Rocket Project\\venv\\Scripts\\mlagents-learn config/config.yaml --run-id=landing --force --torch-device=cuda",
        "mlagents_version": "1.0.0",
        "mlagents_envs_version": "1.0.0",
        "communication_protocol_version": "1.5.0",
        "pytorch_version": "2.3.1+cu121",
        "numpy_version": "1.23.5",