{
    "name": "root",
    "gauges": {
        "RocketLanding.Policy.Entropy.mean": {
            "value": 1.500395655632019,
            "min": 1.4338189363479614,
            "max": 1.500395655632019,
            "count": 3
        },
        "RocketLanding.Policy.Entropy.sum": {
            "value": 74923.7578125,
            "min": 73367.8515625,
            "max": 74923.7578125,
            "count": 3
        },
        "RocketLanding.Environment.EpisodeLength.mean": {
            "value": 264.2604166666667,
            "min": 242.44270833333334,
            "max": 264.2604166666667,
            "count": 3
        },
        "RocketLanding.Environment.EpisodeLength.sum": {
            "value": 50738.0,
            "min": 46549.0,
            "max": 50738.0,
            "count": 3
        },
        "RocketLanding.Step.mean": {
            "value": 149993.0,
            "min": 49941.0,
            "max": 149993.0,
            "count": 3
        },
        "RocketLanding.Step.sum": {
            "value": 149993.0,
            "min": 49941.0,
            "max": 149993.0,
            "count": 3
        },
        "RocketLanding.Policy.ExtrinsicValueEstimate.mean": {
            "value": -10728.564453125,
            "min": -56169.640625,
            "max": -10728.564453125,
            "count": 3
        },
        "RocketLanding.Policy.ExtrinsicValueEstimate.sum": {
            "value": -10149222.0,
            "min": -53136480.0,
            "max": -10149222.0,
            "count": 3
        },
        "RocketLanding.Environment.CumulativeReward.mean": {
            "value": -467.52838025738794,
            "min": -472.7557498924434,
            "max": -440.6589129107694,
            "count": 3
        },
        "RocketLanding.Environment.CumulativeReward.sum": {
            "value": -89765.44900941849,
            "min": -90769.10397934914,
            "max": -84606.51127886772,
            "count": 3
        },
        "RocketLanding.Policy.ExtrinsicReward.mean": {
            "value": -467.52838025738794,
            "min": -472.7557498924434,
            "max": -440.6589129107694,
            "count": 3
        },
        "RocketLanding.Policy.ExtrinsicReward.sum": {
            "value": -89765.44900941849,
            "min": -90769.10397934914,
            "max": -84606.51127886772,
            "count": 3
        },
        "RocketLanding.Losses.PolicyLoss.mean": {
            "value": 0.02671232025197241,
            "min": 0.02671232025197241,
            "max": 0.027572517339431214,
            "count": 3
        },
        "RocketLanding.Losses.PolicyLoss.sum": {
            "value": 0.13356160125986205,
            "min": 0.10977847497561016,
            "max": 0.13786258669715606,
            "count": 3
        },
        "RocketLanding.Losses.ValueLoss.mean": {
            "value": 3309070.8554166667,
            "min": 3309070.8554166667,
            "max": 293996591.24999994,
            "count": 3
        },
        "RocketLanding.Losses.ValueLoss.sum": {
            "value": 16545354.277083334,
            "min": 16545354.277083334,
            "max": 1175986364.9999998,
            "count": 3
        },
        "RocketLanding.Policy.LearningRate.mean": {
            "value": 0.00022555298481568,
            "min": 0.00022555298481568,
            "max": 0.00028431060522979995,
            "count": 3
        },
        "RocketLanding.Policy.LearningRate.sum": {
            "value": 0.0011277649240784,
            "min": 0.0011277649240784,
            "max": 0.0012821076726307994,
            "count": 3
        },
        "RocketLanding.Policy.Epsilon.mean": {
            "value": 0.17518432000000003,
            "min": 0.17518432000000003,
            "max": 0.1947702,
            "count": 3
        },
        "RocketLanding.Policy.Epsilon.sum": {
            "value": 0.8759216000000002,
            "min": 0.7790808,
            "max": 0.9273692000000001,
            "count": 3
        },
        "RocketLanding.Policy.Beta.mean": {
            "value": 0.0037616975680000004,
            "min": 0.0037616975680000004,
            "max": 0.004739032979999999,
            "count": 3
        },
        "RocketLanding.Policy.Beta.sum": {
            "value": 0.018808487840000002,
            "min": 0.018808487840000002,
            "max": 0.021375723080000002,
            "count": 3
        },
        "RocketLanding.IsTraining.mean": {
            "value": 1.0,
            "min": 1.0,
            "max": 1.0,
            "count": 3
        },
        "RocketLanding.IsTraining.sum": {
            "value": 1.0,
            "min": 1.0,
            "max": 1.0,
            "count": 3
        }
    },
    "metadata": {
        "timer_format_version": "0.1.0",
        "start_time_seconds": "1725221818",
        "python_version": "3.10.6 (tags/v3.10.6:9c7b4bd, Aug  1 2022, 21:53:49) [MSC v.1932 64 bit (AMD64)]",
        "command_line_arguments": "D:\\RocketProject\\RocketProject\\Rocket Project\\venv\\Scripts\\mlagents-learn --run-id=landing --force --torch-device=cuda",
        "mlagents_version": "1.0.0",
        "mlagents_envs_version": "1.0.0",
        "communication_protocol_version": "1.5.0",
        "pytorch_version": "2.3.1+cu121",
        "numpy_version": "1.23.5",
        "end_time_seconds": "1725222097"
    },
    "total": 278.1644101999991,
    "count": 1,
    "self": 0.003446199998506927,
    "children": {
        "run_training.setup": {
            "total": 0.023008100000879494,
            "count": 1,
            "self": 0.023008100000879494
        },
        "TrainerController.start_learning": {
            "total": 278.1379558999997,
            "count": 1,
            "self": 0.10725390022525971,
            "children": {
                "TrainerController._reset_env": {
                    "total": 8.19507209999938,
                    "count": 1,
                    "self": 8.19507209999938
                },
                "TrainerController.advance": {
                    "total": 269.7002736997747,
                    "count": 9938,
                    "self": 0.10509899991484417,
                    "children": {
                        "env_step": {
                            "total": 244.2452137999171,
                            "count": 9938,
                            "self": 188.2736929999246,
                            "children": {
                                "SubprocessEnvManager._take_step": {
                                    "total": 55.90000500003225,
                                    "count": 9939,
                                    "self": 0.3382973999996466,
                                    "children": {
                                        "TorchPolicy.evaluate": {
                                            "total": 55.561707600032605,
                                            "count": 9525,
                                            "self": 55.561707600032605
                                        }
                                    }
                                },
                                "workers": {
                                    "total": 0.07151579996025248,
                                    "count": 9937,
                                    "self": 0.0,
                                    "children": {
                                        "worker_root": {
                                            "total": 202.4459596000179,
                                            "count": 9937,
                                            "is_parallel": true,
                                            "self": 90.00402169995868,
                                            "children": {
                                                "steps_from_proto": {
                                                    "total": 0.0008606999999756226,
                                                    "count": 2,