{
    "name": "root",
    "gauges": {
        "RocketLanding.Policy.Entropy.mean": {
            "value": 1.7215462923049927,
            "min": 1.6270564794540405,
            "max": 1.7216473817825317,
            "count": 36
        },
        "RocketLanding.Policy.Entropy.sum": {
            "value": 26663.30859375,
            "min": 24322.001953125,
            "max": 42715.9140625,
            "count": 36
        },
        "RocketLanding.Step.mean": {
            "value": 719955.0,
            "min": 19968.0,
            "max": 719955.0,
            "count": 36
        },
        "RocketLanding.Step.sum": {
            "value": 719955.0,
            "min": 19968.0,
            "max": 719955.0,
            "count": 36
        },
        "RocketLanding.Policy.ExtrinsicValueEstimate.mean": {
            "value": 11.625309944152832,
            "min": -2664.262939453125,
            "max": 730.4458618164062,
            "count": 36
        },
        "RocketLanding.Policy.ExtrinsicValueEstimate.sum": {
            "value": 2615.69482421875,
            "min": -535516.875,
            "max": 150471.84375,
            "count": 36
        },
        "RocketLanding.Policy.GailValueEstimate.mean": {
            "value": 349.2215881347656,
            "min": -585.8171997070312,
            "max": 2188.172607421875,
            "count": 36
        },
        "RocketLanding.Policy.GailValueEstimate.sum": {
            "value": 78574.859375,
            "min": -94600.375,
            "max": 479209.8125,
            "count": 36
        },
        "RocketLanding.Losses.PolicyLoss.mean": {
            "value": 0.04560627102557302,
            "min": 0.03141859426104929,
            "max": 0.06770173699575632,
            "count": 36
        },
        "RocketLanding.Losses.PolicyLoss.sum": {
            "value": 0.09121254205114604,
            "min": 0.03576911962414725,
            "max": 0.13540347399151265,
            "count": 36
        },
        "RocketLanding.Losses.ValueLoss.mean": {
            "value": 1989.334941147313,
            "min": 1884.7537251790363,
            "max": 366181332.015625,
            "count": 36
        },
        "RocketLanding.Losses.ValueLoss.sum": {
            "value": 3978.669882294626,
            "min": 2006.8082560221353,
            "max": 366181332.015625,
            "count": 36
        },
        "RocketLanding.Policy.LearningRate.mean": {
            "value": 1.7056094314666663e-05,
            "min": 1.7056094314666663e-05,
            "max": 0.0002934464021845333,
            "count": 36
        },
        "RocketLanding.Policy.LearningRate.sum": {
            "value": 3.4112188629333326e-05,
            "min": 2.3760492079866678e-05,
            "max": 0.0005745028084990667,
            "count": 36
        },
        "RocketLanding.Policy.Epsilon.mean": {
            "value": 0.10568533333333334,
            "min": 0.10568533333333334,
            "max": 0.1978154666666667,
            "count": 36
        },
        "RocketLanding.Policy.Epsilon.sum": {
            "value": 0.21137066666666668,
            "min": 0.10792013333333332,
            "max": 0.39150093333333325,
            "count": 36
        },
        "RocketLanding.Policy.Beta.mean": {
            "value": 3.785813333333332e-05,
            "min": 3.785813333333332e-05,
            "max": 0.0004892957866666666,
            "count": 36
        },
        "RocketLanding.Policy.Beta.sum": {
            "value": 7.571626666666665e-05,
            "min": 4.880865333333335e-05,
            "max": 0.0009583545733333331,
            "count": 36
        },
        "RocketLanding.Policy.GAILPolicyEstimate.mean": {
            "value": 1.0,
            "min": 1.0,
            "max": 1.0,
            "count": 36
        },
        "RocketLanding.Policy.GAILPolicyEstimate.sum": {
            "value": 2.0,
            "min": 1.0,
            "max": 2.0,
            "count": 36
        },
        "RocketLanding.Policy.GAILExpertEstimate.mean": {
            "value": 1.0,
            "min": 1.0,
            "max": 1.0,
            "count": 36
        },
        "RocketLanding.Policy.GAILExpertEstimate.sum": {
            "value": 2.0,
            "min": 1.0,
            "max": 2.0,
            "count": 36
        },
        "RocketLanding.Losses.GAILLoss.mean": {
            "value": 16.11809539794922,
            "min": 16.11809539794922,
            "max": 16.11809539794922,
            "count": 36
        },
        "RocketLanding.Losses.GAILLoss.sum": {
            "value": 32.23619079589844,
            "min": 16.11809539794922,
            "max": 32.23619079589844,
            "count": 36
        },
        "RocketLanding.Policy.GAILGradMagLoss.mean": {
            "value": 9.993677139282227,
            "min": 9.993677139282227,
            "max": 9.993677139282227,
            "count": 36
        },
        "RocketLanding.Policy.GAILGradMagLoss.sum": {
            "value": 19.987354278564453,
            "min": 9.993677139282227,
            "max": 19.987354278564453,
            "count": 36
        },
        "RocketLanding.Losses.PretrainingLoss.mean": {
            "value": 2515660.8802083335,
            "min": 2515660.8802083335,
            "max": 2859230421.3333335,
            "count": 36
        },
        "RocketLanding.Losses.PretrainingLoss.sum": {
            "value": 5031321.760416667,
            "min": 5031321.760416667,
            "max": 5718460842.666667,
            "count": 36
        },
        "RocketLanding.IsTraining.mean": {
            "value": 1.0,
            "min": 1.0,
            "max": 1.0,
            "count": 36
        },
        "RocketLanding.IsTraining.sum": {
            "value": 1.0,
            "min": 1.0,
            "max": 1.0,
            "count": 36
        },
        "RocketLanding.Environment.EpisodeLength.mean": {
            "value": 182.11570247933884,
            "min": 182.009900990099,
            "max": 515.75,
            "count": 35
        },
        "RocketLanding.Environment.EpisodeLength.sum": {
            "value": 22036.0,
            "min": 14282.0,
            "max": 33008.0,
            "count": 35
        },
        "RocketLanding.Environment.CumulativeReward.mean": {
            "value": -14.761490656932194,
            "min": -20.13040688239562,
            "max": -5.532084573671455,
            "count": 35
        },
        "RocketLanding.Environment.CumulativeReward.sum": {
            "value": -1771.3788788318634,
            "min": -1992.0619288682938,
            "max": -354.0534127149731,
            "count": 35
        },
        "RocketLanding.Policy.ExtrinsicReward.mean": {
            "value": -14.761490656932194,
            "min": -20.13040688239562,
            "max": -5.532084573671455,
            "count": 35
        },
        "RocketLanding.Policy.ExtrinsicReward.sum": {
            "value": -1771.3788788318634,
            "min": -1992.0619288682938,
            "max": -354.0534127149731,
            "count": 35
        },
        "RocketLanding.Policy.GailReward.mean": {
            "value": 1459.7245178222656,
            "min": 1458.5620524088542,
            "max": 4119.1134072989225,
            "count": 35
        },
        "RocketLanding.Policy.GailReward.sum": {
            "value": 175166.94213867188,
            "min": 114354.7197265625,
            "max": 263623.25806713104,
            "count": 35
        }
    },
    "metadata": {
        "timer_format_version": "0.1.0",
        "start_time_seconds": "1726790727",
        "python_version": "3.10.6 (tags/v3.10.6:9c7b4bd, Aug  1 2022, 21:53:49) [MSC v.1932 64 bit (AMD64)]",
        "command_line_arguments": "D:\\RocketProject\\RocketProject\\Rocket Project\\venv\\Scripts\\mlagents-learn config/config.yaml --run-id=newlanding4 --initialize-from=newlanding3 --torch-device=cuda --force",
        "mlagents_version": "1.0.0",
        "mlagents_envs_version": "1.0.0",