{
    "name": "root",
    "gauges": {
        "RocketLanding.Policy.Entropy.mean": {
            "value": 1.7114691734313965,
            "min": 1.6256530284881592,
            "max": 1.7114691734313965,
            "count": 21
        },
        "RocketLanding.Policy.Entropy.sum": {
            "value": 34503.21875,
            "min": 25004.2890625,
            "max": 44671.1875,
            "count": 21
        },
        "RocketLanding.Environment.EpisodeLength.mean": {
            "value": 146.7089552238806,
            "min": 132.5151515151515,
            "max": 381.0,
            "count": 21
        },
        "RocketLanding.Environment.EpisodeLength.sum": {
            "value": 19659.0,
            "min": 6096.0,
            "max": 28921.0,
            "count": 21
        },
        "RocketLanding.Step.mean": {
            "value": 419882.0,
            "min": 19951.0,
            "max": 419882.0,
            "count": 21
        },
        "RocketLanding.Step.sum": {
            "value": 419882.0,
            "min": 19951.0,
            "max": 419882.0,
            "count": 21
        },
        "RocketLanding.Policy.ExtrinsicValueEstimate.mean": {
            "value": -43.72726821899414,
            "min": -2988.552978515625,
            "max": 503.79583740234375,
            "count": 21
        },
        "RocketLanding.Policy.ExtrinsicValueEstimate.sum": {
            "value": -10713.1806640625,
            "min": -469202.8125,
            "max": 113857.859375,
            "count": 21
        },
        "RocketLanding.Policy.GailValueEstimate.mean": {
            "value": 470.9468994140625,
            "min": -2777.36376953125,
            "max": 722.3312377929688,
            "count": 21
        },
        "RocketLanding.Policy.GailValueEstimate.sum": {
            "value": 115381.9921875,
            "min": -436046.09375,
            "max": 145910.90625,
            "count": 21
        },
        "RocketLanding.Environment.CumulativeReward.mean": {
            "value": -17.20631199988766,
            "min": -17.477914262526106,
            "max": -7.796808097097609,
            "count": 21
        },
        "RocketLanding.Environment.CumulativeReward.sum": {
            "value": -2374.471055984497,
            "min": -2639.418352127075,
            "max": -280.6850914955139,
            "count": 21
        },
        "RocketLanding.Policy.ExtrinsicReward.mean": {
            "value": -17.20631199988766,
            "min": -17.477914262526106,
            "max": -7.796808097097609,
            "count": 21
        },
        "RocketLanding.Policy.ExtrinsicReward.sum": {
            "value": -2374.471055984497,
            "min": -2639.418352127075,
            "max": -280.6850914955139,
            "count": 21
        },
        "RocketLanding.Policy.GailReward.mean": {
            "value": 1185.7436772913172,
            "min": 930.1167927617612,
            "max": 3044.9953002929688,
            "count": 21
        },
        "RocketLanding.Policy.GailReward.sum": {
            "value": 163632.62746620178,
            "min": 85570.74493408203,
            "max": 228988.43048095703,
            "count": 21
        },
        "RocketLanding.Losses.PolicyLoss.mean": {
            "value": 0.04514153595858564,
            "min": 0.0351289680446357,
            "max": 0.05145063102633382,
            "count": 21
        },
        "RocketLanding.Losses.PolicyLoss.sum": {
            "value": 0.09028307191717128,
            "min": 0.0351289680446357,
            "max": 0.10290126205266764,
            "count": 21
        },
        "RocketLanding.Losses.ValueLoss.mean": {
            "value": 9777.673600260416,
            "min": 9209.574926757812,
            "max": 361384662.82161456,
            "count": 21
        },
        "RocketLanding.Losses.ValueLoss.sum": {
            "value": 19555.34720052083,
            "min": 11838.07158203125,
            "max": 361384662.82161456,
            "count": 21
        },
        "RocketLanding.Policy.LearningRate.mean": {
            "value": 0.0001348792550402667,
            "min": 0.0001348792550402667,
            "max": 0.00029342080219306666,
            "count": 21
        },
        "RocketLanding.Policy.LearningRate.sum": {
            "value": 0.0002697585100805334,
            "min": 0.00018385763871413337,
            "max": 0.0005630696123101332,
            "count": 21
        },
        "RocketLanding.Policy.Epsilon.mean": {
            "value": 0.14495973333333334,
            "min": 0.14495973333333334,
            "max": 0.19780693333333335,
            "count": 21
        },
        "RocketLanding.Policy.Epsilon.sum": {
            "value": 0.2899194666666667,
            "min": 0.1612858666666667,
            "max": 0.3876898666666666,
            "count": 21
        },
        "RocketLanding.Policy.Beta.mean": {
            "value": 0.00023030269333333334,
            "min": 0.00023030269333333334,
            "max": 0.0004892539733333334,
            "count": 21
        },
        "RocketLanding.Policy.Beta.sum": {
            "value": 0.0004606053866666667,
            "min": 0.0003103007466666667,
            "max": 0.0009396803466666665,
            "count": 21
        },
        "RocketLanding.Policy.GAILPolicyEstimate.mean": {
            "value": 1.0,
            "min": 1.0,
            "max": 1.0,
            "count": 21
        },
        "RocketLanding.Policy.GAILPolicyEstimate.sum": {
            "value": 2.0,
            "min": 1.0,
            "max": 2.0,
            "count": 21
        },
        "RocketLanding.Policy.GAILExpertEstimate.mean": {
            "value": 1.0,
            "min": 1.0,
            "max": 1.0,
            "count": 21
        },
        "RocketLanding.Policy.GAILExpertEstimate.sum": {
            "value": 2.0,
            "min": 1.0,
            "max": 2.0,
            "count": 21
        },
        "RocketLanding.Losses.GAILLoss.mean": {
            "value": 16.11809539794922,
            "min": 16.11809539794922,
            "max": 16.11809539794922,
            "count": 21
        },
        "RocketLanding.Losses.GAILLoss.sum": {
            "value": 32.23619079589844,
            "min": 16.11809539794922,
            "max": 32.23619079589844,
            "count": 21
        },
        "RocketLanding.Policy.GAILGradMagLoss.mean": {
            "value": 9.993677139282227,
            "min": 9.993677139282227,
            "max": 9.993677139282227,
            "count": 21
        },
        "RocketLanding.Policy.GAILGradMagLoss.sum": {
            "value": 19.987354278564453,
            "min": 9.993677139282227,
            "max": 19.987354278564453,
            "count": 21
        },
        "RocketLanding.Losses.PretrainingLoss.mean": {
            "value": 162905711.33333334,
            "min": 46529210.25,
            "max": 6286164309.333333,
            "count": 21
        },
        "RocketLanding.Losses.PretrainingLoss.sum": {
            "value": 325811422.6666667,
            "min": 93058420.5,
            "max": 11046284970.666668,
            "count": 21
        },
        "RocketLanding.IsTraining.mean": {
            "value": 1.0,
            "min": 1.0,
            "max": 1.0,
            "count": 21
        },
        "RocketLanding.IsTraining.sum": {
            "value": 1.0,
            "min": 1.0,
            "max": 1.0,
            "count": 21
        }
    },
    "metadata": {
        "timer_format_version": "0.1.0",
        "start_time_seconds": "1726188850",
        "python_version": "3.10.6 (tags/v3.10.6:9c7b4bd, Aug  1 2022, 21:53:49) [MSC v.1932 64 bit (AMD64)]",
        "command_line_arguments": "D:\\RocketProject\\RocketProject\\Rocket Project\\venv\\Scripts\\mlagents-learn config/config.yaml --run-id=newlanding4 --initialize-from=newlanding3 --torch-device=cuda --force",
        "mlagents_version": "1.0.0",
        "mlagents_envs_version": "1.0.0",
        "communication_protocol_version": "1.5.0",