{
    "name": "root",
    "gauges": {
        "RocketLanding.Policy.Entropy.mean": {
            "value": 5.288704872131348,
            "min": 5.215439796447754,
            "max": 5.452732086181641,
            "count": 37
        },
        "RocketLanding.Policy.Entropy.sum": {
            "value": 103912.46875,
            "min": 98392.6484375,
            "max": 124004.59375,
            "count": 37
        },
        "RocketLanding.Step.mean": {
            "value": 739974.0,
            "min": 19993.0,
            "max": 739974.0,
            "count": 37
        },
        "RocketLanding.Step.sum": {
            "value": 739974.0,
            "min": 19993.0,
            "max": 739974.0,
            "count": 37
        },
        "RocketLanding.Policy.ExtrinsicValueEstimate.mean": {
            "value": 6.935957431793213,
            "min": -7.464102745056152,
            "max": 7.378693103790283,
            "count": 37
        },
        "RocketLanding.Policy.ExtrinsicValueEstimate.sum": {
            "value": 1179.11279296875,
            "min": -1552.5333251953125,
            "max": 1293.6217041015625,
            "count": 37
        },
        "RocketLanding.Policy.GailValueEstimate.mean": {
            "value": -0.0010882215574383736,
            "min": -0.2470666766166687,
            "max": 0.007293325383216143,
            "count": 37
        },
        "RocketLanding.Policy.GailValueEstimate.sum": {
            "value": -0.18499766290187836,
            "min": -53.36640167236328,
            "max": 1.7066380977630615,
            "count": 37
        },
        "RocketLanding.Environment.EpisodeLength.mean": {
            "value": 633.8181818181819,
            "min": 148.126582278481,
            "max": 786.8214285714286,
            "count": 37
        },
        "RocketLanding.Environment.EpisodeLength.sum": {
            "value": 20916.0,
            "min": 10590.0,
            "max": 27771.0,
            "count": 37
        },
        "RocketLanding.Environment.CumulativeReward.mean": {
            "value": 45.21518483199179,
            "min": -22.69364302502415,
            "max": 56.81269685285432,
            "count": 37
        },
        "RocketLanding.Environment.CumulativeReward.sum": {
            "value": 1446.8859146237373,
            "min": -2791.3180920779705,
            "max": 1736.4404994249344,
            "count": 37
        },
        "RocketLanding.Policy.ExtrinsicReward.mean": {
            "value": 45.21518483199179,
            "min": -22.69364302502415,
            "max": 56.81269685285432,
            "count": 37
        },
        "RocketLanding.Policy.ExtrinsicReward.sum": {
            "value": 1446.8859146237373,
            "min": -2791.3180920779705,
            "max": 1736.4404994249344,
            "count": 37
        },
        "RocketLanding.Policy.GailReward.mean": {
            "value": 0.0,
            "min": 0.0,
            "max": 0.0,
            "count": 37
        },
        "RocketLanding.Policy.GailReward.sum": {
            "value": 0.0,
            "min": 0.0,
            "max": 0.0,
            "count": 37
        },
        "RocketLanding.Losses.PolicyLoss.mean": {
            "value": 0.022358538361731916,
            "min": 0.01636186457471922,
            "max": 0.028287773921814127,
            "count": 37
        },
        "RocketLanding.Losses.PolicyLoss.sum": {
            "value": 0.04471707672346383,
            "min": 0.01636186457471922,
            "max": 0.05565242866675059,
            "count": 37
        },
        "RocketLanding.Losses.ValueLoss.mean": {
            "value": 0.6451781420658033,
            "min": 0.13730960314472518,
            "max": 4.158931877215704,
            "count": 37
        },
        "RocketLanding.Losses.ValueLoss.sum": {
            "value": 1.2903562841316065,
            "min": 0.27461920628945036,
            "max": 8.317863754431407,
            "count": 37
        },
        "RocketLanding.Policy.LearningRate.mean": {
            "value": 8.732097089333333e-06,
            "min": 8.732097089333333e-06,
            "max": 0.0002959016013661333,
            "count": 37
        },
        "RocketLanding.Policy.LearningRate.sum": {
            "value": 1.7464194178666667e-05,
            "min": 1.7464194178666667e-05,
            "max": 0.000579495206834933,
            "count": 37
        },
        "RocketLanding.Policy.Epsilon.mean": {
            "value": 0.10291066666666665,
            "min": 0.10291066666666665,
            "max": 0.19863386666666663,
            "count": 37
        },
        "RocketLanding.Policy.Epsilon.sum": {
            "value": 0.2058213333333333,
            "min": 0.11601133333333331,
            "max": 0.39316506666666684,
            "count": 37
        },
        "RocketLanding.Policy.Beta.mean": {
            "value": 2.4262266666666666e-05,
            "min": 2.4262266666666666e-05,
            "max": 0.0004933059466666666,
            "count": 37
        },
        "RocketLanding.Policy.Beta.sum": {
            "value": 4.852453333333333e-05,
            "min": 4.852453333333333e-05,
            "max": 0.0009665088266666668,
            "count": 37
        },
        "RocketLanding.Policy.GAILPolicyEstimate.mean": {
            "value": 0.0,
            "min": 0.0,
            "max": 0.0,
            "count": 37
        },
        "RocketLanding.Policy.GAILPolicyEstimate.sum": {
            "value": 0.0,
            "min": 0.0,
            "max": 0.0,
            "count": 37
        },
        "RocketLanding.Policy.GAILExpertEstimate.mean": {
            "value": 0.0,
            "min": 0.0,
            "max": 0.0,
            "count": 37
        },
        "RocketLanding.Policy.GAILExpertEstimate.sum": {
            "value": 0.0,
            "min": 0.0,
            "max": 0.0,
            "count": 37
        },
        "RocketLanding.Losses.GAILLoss.mean": {
            "value": 16.11809539794922,
            "min": 16.11809539794922,
            "max": 16.11809539794922,
            "count": 37
        },
        "RocketLanding.Losses.GAILLoss.sum": {
            "value": 32.23619079589844,
            "min": 16.11809539794922,
            "max": 32.23619079589844,
            "count": 37
        },
        "RocketLanding.Policy.GAILGradMagLoss.mean": {
            "value": 9.993677139282227,
            "min": 9.993677139282227,
            "max": 9.993677139282227,
            "count": 37
        },
        "RocketLanding.Policy.GAILGradMagLoss.sum": {
            "value": 19.987354278564453,
            "min": 9.993677139282227,
            "max": 19.987354278564453,
            "count": 37
        },
        "RocketLanding.Losses.PretrainingLoss.mean": {
            "value": 1.073042114575704,
            "min": 1.073042114575704,
            "max": 3.8143625259399414,
            "count": 37
        },
        "RocketLanding.Losses.PretrainingLoss.sum": {
            "value": 2.146084229151408,
            "min": 1.1232142051060994,
            "max": 7.628725051879883,
            "count": 37
        },
        "RocketLanding.IsTraining.mean": {
            "value": 1.0,
            "min": 1.0,
            "max": 1.0,
            "count": 37
        },
        "RocketLanding.IsTraining.sum": {
            "value": 1.0,
            "min": 1.0,
            "max": 1.0,
            "count": 37
        }
    },
    "metadata": {
        "timer_format_version": "0.1.0",
        "start_time_seconds": "1731632809",
        "python_version": "3.10.6 (tags/v3.10.6:9c7b4bd, Aug  1 2022, 21:53:49) [MSC v.1932 64 bit (AMD64)]",
        "command_line_arguments": "D:\\RocketProject\\RocketProject\\Rocket Project\\venv\\Scripts\\mlagents-learn config/config.yaml --run-id=newlanding6alt --initialize-from=newlanding5 --torch-device=cuda --force",
        "mlagents_version": "1.0.0",
        "mlagents_envs_version": "1.0.0",
        "communication_protocol_version": "1.5.0",