{"count":1,"self":74.5137728,"total":225.5878912,"children":{"InitializeActuators":{"count":64,"self":0.0020035,"total":0.0020035,"children":null},"InitializeSensors":{"count":64,"self":0.0010008999999999999,"total":0.0010008999999999999,"children":null},"AgentSendState":{"count":39251,"self":0.87014589999999992,"total":3.4605756999999997,"children":{"CollectObservations":{"count":502464,"self":0.40316379999999996,"total":0.40316379999999996,"children":null},"WriteActionMask":{"count":502464,"self":0.1859457,"total":0.1859457,"children":null},"RequestDecision":{"count":502464,"self":0.669164,"total":2.0013202999999997,"children":{"AgentInfo.ToProto":{"count":502464,"self":0.5928491,"total":1.3321562999999998,"children":{"GenerateSensorData":{"count":502464,"self":0.73930719999999994,"total":0.73930719999999994,"children":null}}}}}}},"DecideAction":{"count":39251,"self":146.3458688,"total":146.3458729,"children":null},"AgentAct":{"count":39251,"self":1.2636659,"total":1.2636659,"children":null},"AgentInfo.ToProto":{"count":103,"self":0,"total":0.0010008,"children":{"GenerateSensorData":{"count":103,"self":0.0010008,"total":0.0010008,"children":null}}}},"gauges":{"PlayerMove.CumulativeReward":{"count":103,"max":1,"min":-1,"runningAverage":-0.699028969,"value":-1,"weightedAverage":-0.551391959}},"metadata":{"timer_format_version":"0.1.0","start_time_seconds":"1719536947","unity_version":"2022.3.31f1","command_line_arguments":"D:\\Program Files\\Unity Hub\\2022.3.31f1\\Editor\\Unity.exe -projectpath D:\\RocketProject\\RocketProject\\Rocket Project -useHub -hubIPC -cloudEnvironment production -licensingIpc LicenseClient-Michael -hubSessionId a4051584-536d-4608-9854-f4d6bd39e10b -accessToken OANXvSq94f0K5Y_XwfVX7tKNl_XmX45aUuY7N3SPCjw002f","communication_protocol_version":"1.5.0","com.unity.ml-agents_version":"2.0.1","scene_name":"AIMove","end_time_seconds":"1719537172"}}