{"count":1,"self":153.225408,"total":157.93809389999998,"children":{"InitializeActuators":{"count":128,"self":0.0030023999999999997,"total":0.0030023999999999997,"children":null},"InitializeSensors":{"count":128,"self":0.0019936,"total":0.0019936,"children":null},"AgentSendState":{"count":7645,"self":0.2541973,"total":0.6197076,"children":{"CollectObservations":{"count":97856,"self":0.23715529999999999,"total":0.23715529999999999,"children":null},"WriteActionMask":{"count":97856,"self":0.052060499999999996,"total":0.052060499999999996,"children":null},"RequestDecision":{"count":97856,"self":0.0762945,"total":0.0762945,"children":null}}},"DecideAction":{"count":7645,"self":0.66864269999999992,"total":0.66864269999999992,"children":null},"AgentAct":{"count":7645,"self":3.4183415999999998,"total":3.4183415999999998,"children":null}},"gauges":{"RocketLanding.CumulativeReward":{"count":1302,"max":-1,"min":-25.2088642,"runningAverage":-13.4122458,"value":-2,"weightedAverage":-10.5840406}},"metadata":{"timer_format_version":"0.1.0","start_time_seconds":"1735868374","unity_version":"2022.3.31f1","command_line_arguments":"D:\\Program Files\\Unity Hub\\2022.3.31f1\\Editor\\Unity.exe -projectpath D:\\RocketProject\\RocketProject\\Rocket Project -useHub -hubIPC -cloudEnvironment production -licensingIpc LicenseClient-Michael -hubSessionId 091bdfa3-269f-4abd-a991-c645762f559b -accessToken MwfkeJhwaioitH4TjQsQyE3Wxmo7pUNwkGNZ0P_aDuw002f","communication_protocol_version":"1.5.0","com.unity.ml-agents_version":"2.0.1","scene_name":"Simulation","end_time_seconds":"1735868532"}}