{"count":1,"self":50.5868736,"total":346.54638259999996,"children":{"InitializeActuators":{"count":128,"self":0.0040068,"total":0.0040068,"children":null},"InitializeSensors":{"count":128,"self":0.0010000999999999999,"total":0.0010000999999999999,"children":null},"AgentSendState":{"count":58884,"self":1.2897041999999999,"total":5.9393353,"children":{"CollectObservations":{"count":753728,"self":0.9179012,"total":0.9179012,"children":null},"WriteActionMask":{"count":753728,"self":0.24310669999999998,"total":0.24310669999999998,"children":null},"RequestDecision":{"count":753728,"self":1.0274535999999999,"total":3.4886231999999997,"children":{"AgentInfo.ToProto":{"count":753728,"self":0.8722278,"total":2.4611696,"children":{"GenerateSensorData":{"count":753728,"self":1.5889418,"total":1.5889418,"children":null}}}}}}},"DecideAction":{"count":58884,"self":279.4679552,"total":279.4679628,"children":null},"AgentAct":{"count":58884,"self":10.5371864,"total":10.5371861,"children":null},"AgentInfo.ToProto":{"count":819,"self":0.0050117999999999994,"total":0.0090154,"children":{"GenerateSensorData":{"count":819,"self":0.0040035999999999995,"total":0.0040035999999999995,"children":null}}}},"gauges":{"RocketLanding.CumulativeReward":{"count":819,"max":91.31627,"min":0.6838879,"runningAverage":53.26304,"value":11.4791222,"weightedAverage":43.1726151}},"metadata":{"timer_format_version":"0.1.0","start_time_seconds":"1731637108","unity_version":"2022.3.31f1","command_line_arguments":"D:\\Program Files\\Unity Hub\\2022.3.31f1\\Editor\\Unity.exe -projectpath D:\\RocketProject\\RocketProject\\Rocket Project -useHub -hubIPC -cloudEnvironment production -licensingIpc LicenseClient-Michael -hubSessionId b9342de8-c1eb-45b1-948c-c14499d78d82 -accessToken 0Vudlg7_3umFNPHj84Tewbjdchxzv2z5ELymQcO0yaw002f","communication_protocol_version":"1.5.0","com.unity.ml-agents_version":"2.0.1","scene_name":"Simulation","end_time_seconds":"1731637455"}}