{
    "name": "root",
    "gauges": {
        "RocketLanding.Policy.Entropy.mean": {
            "value": 4.418069362640381,
            "min": 4.314070701599121,
            "max": 5.244529724121094,
            "count": 37
        },
        "RocketLanding.Policy.Entropy.sum": {
            "value": 91047.5703125,
            "min": 80809.8125,
            "max": 128889.5625,
            "count": 37
        },
        "RocketLanding.Environment.EpisodeLength.mean": {
            "value": 896.7222222222222,
            "min": 124.3076923076923,
            "max": 896.7222222222222,
            "count": 37
        },
        "RocketLanding.Environment.EpisodeLength.sum": {
            "value": 16141.0,
            "min": 532.0,
            "max": 50620.0,
            "count": 37
        },
        "RocketLanding.Step.mean": {
            "value": 739969.0,
            "min": 19933.0,
            "max": 739969.0,
            "count": 37
        },
        "RocketLanding.Step.sum": {
            "value": 739969.0,
            "min": 19933.0,
            "max": 739969.0,
            "count": 37
        },
        "RocketLanding.Policy.ExtrinsicValueEstimate.mean": {
            "value": 5.047952651977539,
            "min": 1.8048495054244995,
            "max": 7.466617107391357,
            "count": 37
        },
        "RocketLanding.Policy.ExtrinsicValueEstimate.sum": {
            "value": 822.8162841796875,
            "min": 323.06805419921875,
            "max": 1702.388671875,
            "count": 37
        },
        "RocketLanding.Policy.GailValueEstimate.mean": {
            "value": -0.004653783980756998,
            "min": -0.01707593724131584,
            "max": 0.055613528937101364,
            "count": 37
        },
        "RocketLanding.Policy.GailValueEstimate.sum": {
            "value": -0.7585667967796326,
            "min": -2.8516814708709717,
            "max": 9.17623233795166,
            "count": 37
        },
        "RocketLanding.Environment.CumulativeReward.mean": {
            "value": 47.61673193342156,
            "min": 8.663638447339718,
            "max": 48.6836217045784,
            "count": 37
        },
        "RocketLanding.Environment.CumulativeReward.sum": {
            "value": 857.1011748015881,
            "min": 36.57330858707428,
            "max": 2120.8004302605987,
            "count": 37
        },
        "RocketLanding.Policy.ExtrinsicReward.mean": {
            "value": 47.61673193342156,
            "min": 8.663638447339718,
            "max": 48.6836217045784,
            "count": 37
        },
        "RocketLanding.Policy.ExtrinsicReward.sum": {
            "value": 857.1011748015881,
            "min": 36.57330858707428,
            "max": 2120.8004302605987,
            "count": 37
        },
        "RocketLanding.Policy.GailReward.mean": {
            "value": 0.0,
            "min": 0.0,
            "max": 0.0,
            "count": 37
        },
        "RocketLanding.Policy.GailReward.sum": {
            "value": 0.0,
            "min": 0.0,
            "max": 0.0,
            "count": 37
        },
        "RocketLanding.Losses.PolicyLoss.mean": {
            "value": 0.028745878009552445,
            "min": 0.019667572216470336,
            "max": 0.028750717230529216,
            "count": 37
        },
        "RocketLanding.Losses.PolicyLoss.sum": {
            "value": 0.05749175601910489,
            "min": 0.020917552748384576,
            "max": 0.05750143446105843,
            "count": 37
        },
        "RocketLanding.Losses.ValueLoss.mean": {
            "value": 0.9844647914171218,
            "min": 0.07882951870560646,
            "max": 5.16770168542862,
            "count": 37
        },
        "RocketLanding.Losses.ValueLoss.sum": {
            "value": 1.9689295828342437,
            "min": 0.07882951870560646,
            "max": 10.33540337085724,
            "count": 37
        },
        "RocketLanding.Policy.LearningRate.mean": {
            "value": 6.069297976933335e-06,
            "min": 6.069297976933335e-06,
            "max": 0.0002936860021046667,
            "count": 37
        },
        "RocketLanding.Policy.LearningRate.sum": {
            "value": 1.213859595386667e-05,
            "min": 1.213859595386667e-05,
            "max": 0.0005572348142550666,
            "count": 37
        },
        "RocketLanding.Policy.Epsilon.mean": {
            "value": 0.10202306666666666,
            "min": 0.10202306666666666,
            "max": 0.19789533333333334,
            "count": 37
        },
        "RocketLanding.Policy.Epsilon.sum": {
            "value": 0.20404613333333332,
            "min": 0.1453588,
            "max": 0.3857449333333333,
            "count": 37
        },
        "RocketLanding.Policy.Beta.mean": {
            "value": 1.9913026666666668e-05,
            "min": 1.9913026666666668e-05,
            "max": 0.0004896871333333333,
            "count": 37
        },
        "RocketLanding.Policy.Beta.sum": {
            "value": 3.9826053333333336e-05,
            "min": 3.9826053333333336e-05,
            "max": 0.0009301501733333332,
            "count": 37
        },
        "RocketLanding.Policy.GAILPolicyEstimate.mean": {
            "value": 0.0,
            "min": 0.0,
            "max": 0.0,
            "count": 37
        },
        "RocketLanding.Policy.GAILPolicyEstimate.sum": {
            "value": 0.0,
            "min": 0.0,
            "max": 0.0,
            "count": 37
        },
        "RocketLanding.Policy.GAILExpertEstimate.mean": {
            "value": 0.0,
            "min": 0.0,
            "max": 0.0,
            "count": 37
        },
        "RocketLanding.Policy.GAILExpertEstimate.sum": {
            "value": 0.0,
            "min": 0.0,
            "max": 0.0,
            "count": 37
        },
        "RocketLanding.Losses.GAILLoss.mean": {
            "value": 16.11809539794922,
            "min": 16.11809539794922,
            "max": 16.11809539794922,
            "count": 37
        },
        "RocketLanding.Losses.GAILLoss.sum": {
            "value": 32.23619079589844,
            "min": 16.11809539794922,
            "max": 32.23619079589844,
            "count": 37
        },
        "RocketLanding.Policy.GAILGradMagLoss.mean": {
            "value": 9.993677139282227,
            "min": 9.993677139282227,
            "max": 9.993677139282227,
            "count": 37
        },
        "RocketLanding.Policy.GAILGradMagLoss.sum": {
            "value": 19.987354278564453,
            "min": 9.993677139282227,
            "max": 19.987354278564453,
            "count": 37
        },
        "RocketLanding.Losses.PretrainingLoss.mean": {
            "value": 0.9671609302361805,
            "min": 0.930444598197937,
            "max": 1.4481088320414226,
            "count": 37
        },
        "RocketLanding.Losses.PretrainingLoss.sum": {
            "value": 1.934321860472361,
            "min": 1.0335997740427654,
            "max": 2.3820788860321045,
            "count": 37
        },
        "RocketLanding.IsTraining.mean": {
            "value": 1.0,
            "min": 1.0,
            "max": 1.0,
            "count": 37
        },
        "RocketLanding.IsTraining.sum": {
            "value": 1.0,
            "min": 1.0,
            "max": 1.0,
            "count": 37
        }
    },
    "metadata": {
        "timer_format_version": "0.1.0",
        "start_time_seconds": "1731633837",
        "python_version": "3.10.6 (tags/v3.10.6:9c7b4bd, Aug  1 2022, 21:53:49) [MSC v.1932 64 bit (AMD64)]",
        "command_line_arguments": "D:\\RocketProject\\RocketProject\\Rocket Project\\venv\\Scripts\\mlagents-learn config/config.yaml --run-id=newlanding8alt --initialize-from=newlanding7alt --torch-device=cuda",
        "mlagents_version": "1.0.0",
        "mlagents_envs_version": "1.0.0",
        "communication_protocol_version": "1.5.0",
        "pytorch_version": "2.3.1+cu121",