{
    "name": "root",
    "gauges": {
        "RocketLanding.Policy.Entropy.mean": {
            "value": 4.674657344818115,
            "min": 4.028989315032959,
            "max": 5.272823810577393,
            "count": 37
        },
        "RocketLanding.Policy.Entropy.sum": {
            "value": 90351.78125,
            "min": 75551.609375,
            "max": 129584.9140625,
            "count": 37
        },
        "RocketLanding.Step.mean": {
            "value": 739986.0,
            "min": 19986.0,
            "max": 739986.0,
            "count": 37
        },
        "RocketLanding.Step.sum": {
            "value": 739986.0,
            "min": 19986.0,
            "max": 739986.0,
            "count": 37
        },
        "RocketLanding.Policy.ExtrinsicValueEstimate.mean": {
            "value": 6.815274715423584,
            "min": -8.205309867858887,
            "max": 7.704193592071533,
            "count": 37
        },
        "RocketLanding.Policy.ExtrinsicValueEstimate.sum": {
            "value": 1131.3355712890625,
            "min": -1337.465576171875,
            "max": 1217.2625732421875,
            "count": 37
        },
        "RocketLanding.Environment.EpisodeLength.mean": {
            "value": 716.6296296296297,
            "min": 72.7909090909091,
            "max": 784.6,
            "count": 37
        },
        "RocketLanding.Environment.EpisodeLength.sum": {
            "value": 19349.0,
            "min": 1038.0,
            "max": 39230.0,
            "count": 37
        },
        "RocketLanding.Environment.CumulativeReward.mean": {
            "value": 49.832011964586044,
            "min": 0.8621578480531814,
            "max": 52.45145087058727,
            "count": 37
        },
        "RocketLanding.Environment.CumulativeReward.sum": {
            "value": 1345.4643230438232,
            "min": 83.1770429611206,
            "max": 1493.1683542728424,
            "count": 37
        },
        "RocketLanding.Policy.ExtrinsicReward.mean": {
            "value": 49.832011964586044,
            "min": 0.8621578480531814,
            "max": 52.45145087058727,
            "count": 37
        },
        "RocketLanding.Policy.ExtrinsicReward.sum": {
            "value": 1345.4643230438232,
            "min": 83.1770429611206,
            "max": 1493.1683542728424,
            "count": 37
        },
        "RocketLanding.IsTraining.mean": {
            "value": 1.0,
            "min": 1.0,
            "max": 1.0,
            "count": 37
        },
        "RocketLanding.IsTraining.sum": {
            "value": 1.0,
            "min": 1.0,
            "max": 1.0,
            "count": 37
        },
        "RocketLanding.Losses.PolicyLoss.mean": {
            "value": 0.02288638856067943,
            "min": 0.019182645026012322,
            "max": 0.0442028986543174,
            "count": 35
        },
        "RocketLanding.Losses.PolicyLoss.sum": {
            "value": 0.02288638856067943,
            "min": 0.019182645026012322,
            "max": 0.0442028986543174,
            "count": 35
        },
        "RocketLanding.Losses.ValueLoss.mean": {
            "value": 0.7740434506287177,
            "min": 0.016675445561607678,
            "max": 5.495222954522996,
            "count": 35
        },
        "RocketLanding.Losses.ValueLoss.sum": {
            "value": 0.7740434506287177,
            "min": 0.016675445561607678,
            "max": 5.495222954522996,
            "count": 35
        },
        "RocketLanding.Policy.LearningRate.mean": {
            "value": 1.0260496579866659e-05,
            "min": 1.0260496579866659e-05,
            "max": 0.00029026480324506653,
            "count": 35
        },
        "RocketLanding.Policy.LearningRate.sum": {
            "value": 1.0260496579866659e-05,
            "min": 1.0260496579866659e-05,
            "max": 0.00029026480324506653,
            "count": 35
        },
        "RocketLanding.Policy.Epsilon.mean": {
            "value": 0.10342013333333334,
            "min": 0.10342013333333334,
            "max": 0.1967549333333333,
            "count": 35
        },
        "RocketLanding.Policy.Epsilon.sum": {
            "value": 0.10342013333333334,
            "min": 0.10342013333333334,
            "max": 0.1967549333333333,
            "count": 35
        },
        "RocketLanding.Policy.Beta.mean": {
            "value": 4.3859319999999956e-05,
            "min": 4.3859319999999956e-05,
            "max": 0.0009678738399999998,
            "count": 35
        },
        "RocketLanding.Policy.Beta.sum": {
            "value": 4.3859319999999956e-05,
            "min": 4.3859319999999956e-05,
            "max": 0.0009678738399999998,
            "count": 35
        }
    },
    "metadata": {
        "timer_format_version": "0.1.0",
        "start_time_seconds": "1732238259",
        "python_version": "3.10.6 (tags/v3.10.6:9c7b4bd, Aug  1 2022, 21:53:49) [MSC v.1932 64 bit (AMD64)]",
        "command_line_arguments": "D:\\RocketProject\\RocketProject\\Rocket Project\\venv\\Scripts\\mlagents-learn config/config.yaml --run-id=newlanding12alt --initialize-from=newlanding11alt --torch-device=cuda --force",
        "mlagents_version": "1.0.0",
        "mlagents_envs_version": "1.0.0",
        "communication_protocol_version": "1.5.0",
        "pytorch_version": "2.3.1+cu121",
        "numpy_version": "1.23.5",
        "end_time_seconds": "1732238644"
    },
    "total": 385.27000450000014,
    "count": 1,
    "self": 0.004930199998852913,
    "children": {
        "run_training.setup": {
            "total": 0.08184760000040114,
            "count": 1,
            "self": 0.08184760000040114
        },
        "TrainerController.start_learning": {
            "total": 385.1832267000009,
            "count": 1,
            "self": 0.20757879996017436,
            "children": {
                "TrainerController._reset_env": {
                    "total": 8.264079599999604,
                    "count": 1,
                    "self": 8.264079599999604
                },
                "TrainerController.advance": {
                    "total": 376.35977300004197,
                    "count": 13615,
                    "self": 0.17897650007580523,
                    "children": {
                        "env_step": {
                            "total": 221.62639659997512,
                            "count": 13615,
                            "self": 137.95666889979475,
                            "children": {
                                "SubprocessEnvManager._take_step": {
                                    "total": 83.55179760014289,
                                    "count": 13615,
                                    "self": 0.6663071001148637,
                                    "children": {
                                        "TorchPolicy.evaluate": {
                                            "total": 82.88549050002803,
                                            "count": 11776,
                                            "self": 82.88549050002803
                                        }
                                    }
                                },
                                "workers": {
                                    "total": 0.1179301000374835,
                                    "count": 13615,
                                    "self": 0.0,
                                    "children": {
                                        "worker_root": {
                                            "total": 377.1308722999638,
                                            "count": 13615,
                                            "is_parallel": true,
                                            "self": 265.7748635999196,