{
    "name": "root",
    "gauges": {
        "PlayerMove.Policy.Entropy.mean": {
            "value": 5.528619289398193,
            "min": 5.528619289398193,
            "max": 5.754453659057617,
            "count": 10
        },
        "PlayerMove.Policy.Entropy.sum": {
            "value": 276342.5,
            "min": 275954.46875,
            "max": 297206.03125,
            "count": 10
        },
        "PlayerMove.Environment.EpisodeLength.mean": {
            "value": 23.609756097560975,
            "min": 22.62777515351913,
            "max": 98.52466367713005,
            "count": 10
        },
        "PlayerMove.Environment.EpisodeLength.sum": {
            "value": 48400.0,
            "min": 43942.0,
            "max": 53399.0,
            "count": 10
        },
        "PlayerMove.Step.mean": {
            "value": 499985.0,
            "min": 49999.0,
            "max": 499985.0,
            "count": 10
        },
        "PlayerMove.Step.sum": {
            "value": 499985.0,
            "min": 49999.0,
            "max": 499985.0,
            "count": 10
        },
        "PlayerMove.Policy.ExtrinsicValueEstimate.mean": {
            "value": 0.46693897247314453,
            "min": -0.19666297733783722,
            "max": 0.5057170987129211,
            "count": 10
        },
        "PlayerMove.Policy.ExtrinsicValueEstimate.sum": {
            "value": 1033.8028564453125,
            "min": -201.77621459960938,
            "max": 1035.2003173828125,
            "count": 10
        },
        "PlayerMove.Environment.CumulativeReward.mean": {
            "value": 0.52,
            "min": -0.8602620087336245,
            "max": 0.5326295585412668,
            "count": 10
        },
        "PlayerMove.Environment.CumulativeReward.sum": {
            "value": 1066.0,
            "min": -1182.0,
            "max": 1110.0,
            "count": 10
        },
        "PlayerMove.Policy.ExtrinsicReward.mean": {
            "value": 0.52,
            "min": -0.8602620087336245,
            "max": 0.5326295585412668,
            "count": 10
        },
        "PlayerMove.Policy.ExtrinsicReward.sum": {
            "value": 1066.0,
            "min": -1182.0,
            "max": 1110.0,
            "count": 10
        },
        "PlayerMove.Losses.PolicyLoss.mean": {
            "value": 0.02560200587361275,
            "min": 0.023163680236151167,
            "max": 0.02719419737792729,
            "count": 10
        },
        "PlayerMove.Losses.PolicyLoss.sum": {
            "value": 0.12801002936806374,
            "min": 0.09399391232776301,
            "max": 0.1358225715220518,
            "count": 10
        },
        "PlayerMove.Losses.ValueLoss.mean": {
            "value": 0.18361967047055563,
            "min": 0.0769554424782594,
            "max": 0.6460463370506963,
            "count": 10
        },
        "PlayerMove.Losses.ValueLoss.sum": {
            "value": 0.9180983523527781,
            "min": 0.38477721239129703,
            "max": 2.584185348202785,
            "count": 10
        },
        "PlayerMove.Policy.LearningRate.mean": {
            "value": 1.634937455023999e-05,
            "min": 1.634937455023999e-05,
            "max": 0.00028449585516805,
            "count": 10
        },
        "PlayerMove.Policy.LearningRate.sum": {
            "value": 8.174687275119995e-05,
            "min": 8.174687275119995e-05,
            "max": 0.0012833124722292,
            "count": 10
        },
        "PlayerMove.Policy.Epsilon.mean": {
            "value": 0.10544975999999999,
            "min": 0.10544975999999999,
            "max": 0.19483195000000003,
            "count": 10
        },
        "PlayerMove.Policy.Epsilon.sum": {
            "value": 0.5272488,
            "min": 0.49979819999999997,
            "max": 0.9277708,
            "count": 10
        },
        "PlayerMove.Policy.Beta.mean": {
            "value": 0.00028194302399999995,
            "min": 0.00028194302399999995,
            "max": 0.004742114305,
            "count": 10
        },
        "PlayerMove.Policy.Beta.sum": {
            "value": 0.0014097151199999997,
            "min": 0.0014097151199999997,
            "max": 0.021395762920000002,
            "count": 10
        },
        "PlayerMove.IsTraining.mean": {
            "value": 1.0,
            "min": 1.0,
            "max": 1.0,
            "count": 10
        },
        "PlayerMove.IsTraining.sum": {
            "value": 1.0,
            "min": 1.0,
            "max": 1.0,
            "count": 10
        }
    },
    "metadata": {
        "timer_format_version": "0.1.0",
        "start_time_seconds": "1719538307",
        "python_version": "3.10.6 (tags/v3.10.6:9c7b4bd, Aug  1 2022, 21:53:49) [MSC v.1932 64 bit (AMD64)]",
        "command_line_arguments": "D:\\RocketProject\\RocketProject\\Rocket Project\\venv\\Scripts\\mlagents-learn --force",
        "mlagents_version": "1.0.0",
        "mlagents_envs_version": "1.0.0",
        "communication_protocol_version": "1.5.0",
        "pytorch_version": "2.3.1+cpu",
        "numpy_version": "1.23.5",
        "end_time_seconds": "1719538500"
    },
    "total": 193.00049679999938,
    "count": 1,
    "self": 0.004564900002151262,
    "children": {
        "run_training.setup": {
            "total": 0.09905479999724776,
            "count": 1,
            "self": 0.09905479999724776
        },
        "TrainerController.start_learning": {
            "total": 192.89687709999998,
            "count": 1,
            "self": 0.22372590003942605,
            "children": {
                "TrainerController._reset_env": {
                    "total": 5.755831500002387,
                    "count": 1,
                    "self": 5.755831500002387
                },
                "TrainerController.advance": {
                    "total": 186.8502535999578,
                    "count": 18193,
                    "self": 0.21120819960924564,
                    "children": {
                        "env_step": {
                            "total": 84.35490859994025,
                            "count": 18193,
                            "self": 70.83932459945572,
                            "children": {
                                "SubprocessEnvManager._take_step": {
                                    "total": 13.38769520031201,
                                    "count": 18193,
                                    "self": 0.4475747002834396,
                                    "children": {
                                        "TorchPolicy.evaluate": {
                                            "total": 12.94012050002857,
                                            "count": 7829,
                                            "self": 12.94012050002857
                                        }
                                    }
                                },
                                "workers": {
                                    "total": 0.12788880017251358,
                                    "count": 18193,
                                    "self": 0.0,
                                    "children": {
                                        "worker_root": {
                                            "total": 187.42164980019515,
                                            "count": 18193,
                                            "is_parallel": true,
                                            "self": 136.10809640044317,
                                            "children": {
                                                "steps_from_proto": {
                                                    "total": 0.033145800000056624,
                                                    "count": 1,
                                                    "is_parallel": true,
                                                    "self": 0.0002554000020609237,