{
    "name": "root",
    "gauges": {
        "RocketLanding.Policy.Entropy.mean": {
            "value": 1.5610920190811157,
            "min": 1.434260368347168,
            "max": 1.5610920190811157,
            "count": 6
        },
        "RocketLanding.Policy.Entropy.sum": {
            "value": 78329.3515625,
            "min": 72628.078125,
            "max": 78329.3515625,
            "count": 6
        },
        "RocketLanding.Step.mean": {
            "value": 299969.0,
            "min": 49941.0,
            "max": 299969.0,
            "count": 6
        },
        "RocketLanding.Step.sum": {
            "value": 299969.0,
            "min": 49941.0,
            "max": 299969.0,
            "count": 6
        },
        "RocketLanding.Policy.ExtrinsicValueEstimate.mean": {
            "value": -130.41773986816406,
            "min": -130.41773986816406,
            "max": 257247.75,
            "count": 6
        },
        "RocketLanding.Policy.ExtrinsicValueEstimate.sum": {
            "value": -104595.03125,
            "min": -104595.03125,
            "max": 203740224.0,
            "count": 6
        },
        "RocketLanding.Environment.EpisodeLength.mean": {
            "value": 188.2058823529412,
            "min": 188.1328125,
            "max": 188.33203125,
            "count": 6
        },
        "RocketLanding.Environment.EpisodeLength.sum": {
            "value": 51192.0,
            "min": 48162.0,
            "max": 51192.0,
            "count": 6
        },
        "RocketLanding.Environment.CumulativeReward.mean": {
            "value": -1.0,
            "min": -1.0,
            "max": -1.0,
            "count": 6
        },
        "RocketLanding.Environment.CumulativeReward.sum": {
            "value": -272.0,
            "min": -272.0,
            "max": -256.0,
            "count": 6
        },
        "RocketLanding.Policy.ExtrinsicReward.mean": {
            "value": -1.0,
            "min": -1.0,
            "max": -1.0,
            "count": 6
        },
        "RocketLanding.Policy.ExtrinsicReward.sum": {
            "value": -272.0,
            "min": -272.0,
            "max": -256.0,
            "count": 6
        },
        "RocketLanding.Losses.PolicyLoss.mean": {
            "value": 0.04277918997065474,
            "min": 0.03948318163196139,
            "max": 0.045665523087373,
            "count": 6
        },
        "RocketLanding.Losses.PolicyLoss.sum": {
            "value": 0.2138959498532737,
            "min": 0.15793272652784557,
            "max": 0.228327615436865,
            "count": 6
        },
        "RocketLanding.Losses.ValueLoss.mean": {
            "value": 548726.5858333332,
            "min": 358045.424375,
            "max": 2958248840.5333333,
            "count": 6
        },
        "RocketLanding.Losses.ValueLoss.sum": {
            "value": 2743632.929166666,
            "min": 1790227.121875,
            "max": 11832995362.133333,
            "count": 6
        },
        "RocketLanding.Policy.LearningRate.mean": {
            "value": 0.00013264421578528,
            "min": 0.00013264421578528,
            "max": 0.00028387860537379997,
            "count": 6
        },
        "RocketLanding.Policy.LearningRate.sum": {
            "value": 0.0006632210789264,
            "min": 0.0006632210789264,
            "max": 0.0012801684732772001,
            "count": 6
        },
        "RocketLanding.Policy.Epsilon.mean": {
            "value": 0.14421472,
            "min": 0.14421472,
            "max": 0.19462619999999997,
            "count": 6
        },
        "RocketLanding.Policy.Epsilon.sum": {
            "value": 0.7210736,
            "min": 0.7210736,
            "max": 0.9267228000000001,
            "count": 6
        },
        "RocketLanding.Policy.Beta.mean": {
            "value": 0.002216314528,
            "min": 0.002216314528,
            "max": 0.004731847379999999,
            "count": 6
        },
        "RocketLanding.Policy.Beta.sum": {
            "value": 0.01108157264,
            "min": 0.01108157264,
            "max": 0.021343467720000002,
            "count": 6
        },
        "RocketLanding.IsTraining.mean": {
            "value": 1.0,
            "min": 1.0,
            "max": 1.0,
            "count": 6
        },
        "RocketLanding.IsTraining.sum": {
            "value": 1.0,
            "min": 1.0,
            "max": 1.0,
            "count": 6
        }
    },
    "metadata": {
        "timer_format_version": "0.1.0",
        "start_time_seconds": "1723419110",
        "python_version": "3.10.6 (tags/v3.10.6:9c7b4bd, Aug  1 2022, 21:53:49) [MSC v.1932 64 bit (AMD64)]",
        "command_line_arguments": "D:\\RocketProject\\RocketProject\\Rocket Project\\venv\\Scripts\\mlagents-learn --force",
        "mlagents_version": "1.0.0",
        "mlagents_envs_version": "1.0.0",
        "communication_protocol_version": "1.5.0",
        "pytorch_version": "2.3.1+cpu",
        "numpy_version": "1.23.5",
        "end_time_seconds": "1723419397"
    },
    "total": 287.12649279999994,
    "count": 1,
    "self": 0.0037107999999079766,
    "children": {
        "run_training.setup": {
            "total": 0.022946999999987838,
            "count": 1,
            "self": 0.022946999999987838
        },
        "TrainerController.start_learning": {
            "total": 287.09983500000004,
            "count": 1,
            "self": 0.21757109999998647,
            "children": {
                "TrainerController._reset_env": {
                    "total": 49.8110858,
                    "count": 1,
                    "self": 49.8110858
                },
                "TrainerController.advance": {
                    "total": 236.92552189999998,
                    "count": 21759,
                    "self": 0.22161830001130056,
                    "children": {
                        "env_step": {
                            "total": 151.41084669998952,
                            "count": 21759,
                            "self": 109.43557529997531,
                            "children": {
                                "SubprocessEnvManager._take_step": {
                                    "total": 41.829988600012314,
                                    "count": 21760,
                                    "self": 0.6885277000226324,
                                    "children": {
                                        "TorchPolicy.evaluate": {
                                            "total": 41.14146089998968,
                                            "count": 20541,
                                            "self": 41.14146089998968
                                        }
                                    }
                                },
                                "workers": {
                                    "total": 0.14528280000189397,
                                    "count": 21758,
                                    "self": 0.0,
                                    "children": {
                                        "worker_root": {
                                            "total": 209.13490290000175,
                                            "count": 21758,
                                            "is_parallel": true,
                                            "self": 145.21188759999643,
                                            "children": {
                                                "steps_from_proto": {
                                                    "total": 0.00074640000002546,
                                                    "count": 2,
                                                    "is_parallel": true,
                                                    "self": 0.000368699999967248,