{
    "name": "root",
    "gauges": {
        "PlayerMove.Policy.Entropy.mean": {
            "value": 5.66180944442749,
            "min": 5.66180944442749,
            "max": 5.773163318634033,
            "count": 5
        },
        "PlayerMove.Policy.Entropy.sum": {
            "value": 281912.8125,
            "min": 281912.8125,
            "max": 298541.8125,
            "count": 5
        },
        "PlayerMove.Environment.EpisodeLength.mean": {
            "value": 37.401740391588106,
            "min": 31.37516960651289,
            "max": 95.99340659340659,
            "count": 5
        },
        "PlayerMove.Environment.EpisodeLength.sum": {
            "value": 51577.0,
            "min": 43677.0,
            "max": 51577.0,
            "count": 5
        },
        "PlayerMove.Step.mean": {
            "value": 249941.0,
            "min": 49961.0,
            "max": 249941.0,
            "count": 5
        },
        "PlayerMove.Step.sum": {
            "value": 249941.0,
            "min": 49961.0,
            "max": 249941.0,
            "count": 5
        },
        "PlayerMove.Policy.ExtrinsicValueEstimate.mean": {
            "value": 0.30505529046058655,
            "min": -0.2048398107290268,
            "max": 0.30505529046058655,
            "count": 5
        },
        "PlayerMove.Policy.ExtrinsicValueEstimate.sum": {
            "value": 526.5254516601562,
            "min": -247.79190063476562,
            "max": 526.5254516601562,
            "count": 5
        },
        "PlayerMove.Environment.CumulativeReward.mean": {
            "value": 0.4416243654822335,
            "min": -0.7842605156037992,
            "max": 0.492600422832981,
            "count": 5
        },
        "PlayerMove.Environment.CumulativeReward.sum": {
            "value": 609.0,
            "min": -1156.0,
            "max": 609.0,
            "count": 5
        },
        "PlayerMove.Policy.ExtrinsicReward.mean": {
            "value": 0.4416243654822335,
            "min": -0.7842605156037992,
            "max": 0.492600422832981,
            "count": 5
        },
        "PlayerMove.Policy.ExtrinsicReward.sum": {
            "value": 609.0,
            "min": -1156.0,
            "max": 609.0,
            "count": 5
        },
        "PlayerMove.Losses.PolicyLoss.mean": {
            "value": 0.020331635054947887,
            "min": 0.020331635054947887,
            "max": 0.02538449194442365,
            "count": 5
        },
        "PlayerMove.Losses.PolicyLoss.sum": {
            "value": 0.10165817527473944,
            "min": 0.08904573519127251,
            "max": 0.12692245972211824,
            "count": 5
        },
        "PlayerMove.Losses.ValueLoss.mean": {
            "value": 0.12691774239142736,
            "min": 0.07071652201314768,
            "max": 0.20515701056768498,
            "count": 5
        },
        "PlayerMove.Losses.ValueLoss.sum": {
            "value": 0.6345887119571368,
            "min": 0.3535826100657384,
            "max": 0.8206280422707399,
            "count": 5
        },
        "PlayerMove.Policy.LearningRate.mean": {
            "value": 0.00016405708531431999,
            "min": 0.00016405708531431999,
            "max": 0.00028459605513464996,
            "count": 5
        },
        "PlayerMove.Policy.LearningRate.sum": {
            "value": 0.0008202854265715999,
            "min": 0.0008202854265715999,
            "max": 0.0012837774720742,
            "count": 5
        },
        "PlayerMove.Policy.Epsilon.mean": {
            "value": 0.15468568,
            "min": 0.15468568,
            "max": 0.19486535,
            "count": 5
        },
        "PlayerMove.Policy.Epsilon.sum": {
            "value": 0.7734284,
            "min": 0.7734284,
            "max": 0.9279258,
            "count": 5
        },
        "PlayerMove.Policy.Beta.mean": {
            "value": 0.0027388154320000004,
            "min": 0.0027388154320000004,
            "max": 0.004743780965,
            "count": 5
        },
        "PlayerMove.Policy.Beta.sum": {
            "value": 0.013694077160000002,
            "min": 0.013694077160000002,
            "max": 0.02140349742,
            "count": 5
        },
        "PlayerMove.IsTraining.mean": {
            "value": 1.0,
            "min": 1.0,
            "max": 1.0,
            "count": 5
        },
        "PlayerMove.IsTraining.sum": {
            "value": 1.0,
            "min": 1.0,
            "max": 1.0,
            "count": 5
        }
    },
    "metadata": {
        "timer_format_version": "0.1.0",
        "start_time_seconds": "1719629312",
        "python_version": "3.10.6 (tags/v3.10.6:9c7b4bd, Aug  1 2022, 21:53:49) [MSC v.1932 64 bit (AMD64)]",
        "command_line_arguments": "D:\\RocketProject\\RocketProject\\Rocket Project\\venv\\Scripts\\mlagents-learn --force",
        "mlagents_version": "1.0.0",
        "mlagents_envs_version": "1.0.0",
        "communication_protocol_version": "1.5.0",
        "pytorch_version": "2.3.1+cpu",
        "numpy_version": "1.23.5",
        "end_time_seconds": "1719629421"
    },
    "total": 108.23048839999956,
    "count": 1,
    "self": 0.0036239999999452266,
    "children": {
        "run_training.setup": {
            "total": 0.05643789999976434,
            "count": 1,
            "self": 0.05643789999976434
        },
        "TrainerController.start_learning": {
            "total": 108.17042649999985,
            "count": 1,
            "self": 0.10734989994944044,
            "children": {
                "TrainerController._reset_env": {
                    "total": 9.846136200000728,
                    "count": 1,
                    "self": 9.846136200000728
                },
                "TrainerController.advance": {
                    "total": 98.11437750005007,
                    "count": 8350,
                    "self": 0.09646720004820963,
                    "children": {
                        "env_step": {
                            "total": 43.22587650002242,
                            "count": 8350,
                            "self": 35.929918000055295,
                            "children": {
                                "SubprocessEnvManager._take_step": {
                                    "total": 7.236606499945083,
                                    "count": 8350,
                                    "self": 0.2499683999512854,
                                    "children": {
                                        "TorchPolicy.evaluate": {
                                            "total": 6.986638099993797,
                                            "count": 4365,
                                            "self": 6.986638099993797
                                        }
                                    }
                                },
                                "workers": {
                                    "total": 0.059352000022045104,
                                    "count": 8350,
                                    "self": 0.0,
                                    "children": {
                                        "worker_root": {
                                            "total": 97.56415270002162,
                                            "count": 8350,
                                            "is_parallel": true,
                                            "self": 71.74026989999584,
                                            "children": {
                                                "steps_from_proto": {
                                                    "total": 0.029156999999941036,
                                                    "count": 1,
                                                    "is_parallel": true,
                                                    "self": 0.00024560000110795954,